City_ID,City,Lat,Lng,Max Temp,Humidity,Cloudiness,Wind Speed,Country,Date
0,chokurdakh,70.6333,147.9167,-4.25,97,100,7.83,RU,1675231945
1,zhangye,38.9342,100.4517,26.71,38,94,1.03,CN,1675231946
2,ivdel,60.6911,60.4206,19.99,93,81,4.56,RU,1675231947
3,puerto ayora,-0.7393,-90.3518,75.54,91,70,4.94,EC,1675231948
4,vaasa,63.096,21.6158,26.62,93,100,3.44,FI,1675231950
5,husavik,66.0449,-17.3389,28.31,95,100,9.55,IS,1675231950
6,bluff,-46.6,168.3333,61.02,93,100,9.78,NZ,1675231951
7,shakawe,-18.3667,21.85,67.68,93,100,3.83,BW,1675231951
8,albany,42.6001,-73.9662,19.36,62,98,2.19,US,1675231818
9,new norfolk,-42.7826,147.0587,65.71,32,48,4.0,AU,1675231827
10,cidreira,-30.1811,-50.2056,73.94,92,0,1.92,BR,1675231953
11,iqaluit,63.7506,-68.5145,-15.07,76,75,16.11,CA,1675231954
12,talnakh,69.4865,88.3972,4.21,95,100,11.05,RU,1675231955
13,punta arenas,-53.15,-70.9167,53.71,66,75,29.93,CL,1675231955
14,bubaque,11.2833,-15.8333,76.89,51,13,12.75,GW,1675231956
15,waipawa,-41.4122,175.5153,66.61,84,100,11.72,NZ,1675231956
16,manitouwadge,49.1215,-85.8403,-21.84,100,75,0.72,CA,1675231957
17,luena,-11.7833,19.9167,62.73,90,100,0.78,AO,1675231958
18,hithadhoo,-0.6,73.0833,81.09,74,15,12.1,MV,1675231699
19,bengkulu,-3.8004,102.2655,82.47,73,100,9.8,ID,1675231959
20,mataura,-46.1927,168.8643,67.41,81,100,2.21,NZ,1675231960
21,karaton,-6.3424,106.1045,85.78,58,98,5.84,ID,1675231961
22,ushuaia,-54.8,-68.3,48.25,89,100,9.06,AR,1675231961
23,port elizabeth,-33.918,25.5701,75.09,86,20,14.97,ZA,1675231962
24,ancud,-41.8697,-73.8203,47.61,89,0,2.8,CL,1675231963
25,dikson,73.5069,80.5464,-7.47,90,52,7.85,RU,1675231669
26,kloulklubed,7.0419,134.2556,84.7,82,75,21.63,PW,1675231920
27,thompson,55.7435,-97.8558,-30.84,75,40,3.44,CA,1675231964
28,manoel urbano,-8.8389,-69.2597,71.87,99,100,2.57,BR,1675231965
29,samarai,-10.6167,150.6667,84.29,71,99,2.48,PG,1675231965
30,kapaa,22.0752,-159.319,73.72,91,20,6.91,US,1675231696
31,mareeba,-17.0,145.4333,83.12,96,100,3.38,AU,1675231966
32,kihei,20.785,-156.4656,75.85,85,20,0.0,US,1675231967
33,chuy,-33.6971,-53.4616,69.51,93,6,4.97,UY,1675231968
34,vestmannaeyjar,63.4427,-20.2734,32.07,68,62,3.44,IS,1675231968
35,warrnambool,-38.3833,142.4833,61.23,51,95,11.74,AU,1675231969
36,cape town,-33.9258,18.4232,73.38,83,75,13.8,ZA,1675231970
37,hilo,19.7297,-155.09,78.28,84,20,8.05,US,1675231710
38,ribeira grande,38.5167,-28.7,51.78,76,98,8.01,PT,1675231971
39,aripuana,-9.1667,-60.6333,70.41,97,99,1.97,BR,1675231971
40,eyl,7.9803,49.8164,78.33,59,41,15.77,SO,1675231972
41,kavieng,-2.5744,150.7967,82.67,73,94,9.06,PG,1675231912
42,georgetown,5.4112,100.3354,89.53,66,40,6.91,MY,1675231922
43,rikitea,-23.1203,-134.9692,78.85,73,5,14.61,PF,1675231974
44,yellowknife,62.456,-114.3525,-26.45,67,83,13.0,CA,1675231682
45,hermanus,-34.4187,19.2345,67.8,84,8,5.86,ZA,1675231679
46,bluefield,37.2698,-81.2223,38.77,95,100,6.91,US,1675231976
47,hasaki,35.7333,140.8333,57.29,47,59,28.72,JP,1675231977
48,mayumba,-3.432,10.6554,77.36,87,100,7.27,GA,1675231977
49,okha,53.5739,142.9478,-8.39,91,20,9.75,RU,1675231978
50,qaanaaq,77.484,-69.3632,-7.89,50,79,7.45,GL,1675231836
51,carnarvon,-24.8667,113.6333,80.15,71,47,15.3,AU,1675231979
52,jamestown,42.097,-79.2353,18.99,90,75,5.75,US,1675231811
53,kaitangata,-46.2817,169.8464,63.09,91,100,5.03,NZ,1675231980
54,alice springs,-23.7,133.8833,83.75,45,75,9.22,AU,1675231981
55,punakha,27.5837,89.8598,73.89,17,0,3.67,BT,1675231982
56,lorengau,-2.0226,147.2712,82.98,73,56,7.78,PG,1675231772
57,avarua,-21.2078,-159.775,78.85,83,100,14.97,CK,1675231863
58,sao joao da barra,-21.6403,-41.0511,74.7,89,37,15.9,BR,1675231985
59,mildura,-34.2,142.15,84.07,32,0,10.49,AU,1675231986
60,vila velha,-20.3297,-40.2925,73.35,88,0,3.44,BR,1675231987
61,banjar,-8.19,114.9675,82.89,84,91,4.27,ID,1675231988
62,avera,33.194,-82.5271,59.56,97,93,6.98,US,1675231989
63,isangel,-19.55,169.2667,82.38,75,100,3.15,VU,1675231955
64,pochutla,15.7432,-96.4661,72.82,74,2,3.83,MX,1675231990
65,saint-philippe,-21.3585,55.7679,81.99,84,93,11.14,RE,1675231991
66,atuona,-9.8,-139.0333,79.02,76,54,23.24,PF,1675231992
67,port alfred,-33.5906,26.891,77.18,86,2,7.49,ZA,1675231993
68,stephenville,32.2207,-98.2023,28.24,79,100,8.05,US,1675231993
69,mahebourg,-20.4081,57.7,85.24,74,75,10.36,MU,1675231994
70,ponta do sol,32.6667,-17.1,59.63,65,52,7.45,PT,1675231817
71,severnyy,50.677,36.5532,26.64,100,100,4.47,RU,1675231997
72,hobart,-42.8794,147.3294,66.06,47,75,14.97,AU,1675231712
73,kodiak,57.79,-152.4072,36.91,87,100,9.22,US,1675232000
74,srednekolymsk,67.45,153.6833,-20.87,94,98,2.04,RU,1675232002
75,souillac,-20.5167,57.5167,84.58,74,75,10.36,MU,1675232003
76,oborniki,52.6474,16.8141,39.49,76,99,20.51,PL,1675232004
77,cabo rojo,18.0866,-67.1457,77.22,66,18,1.01,PR,1675232006
78,bongandanga,1.5,21.05,74.86,69,27,3.29,CD,1675232008
79,northam,51.0333,-4.2167,47.61,83,23,19.04,GB,1675232009
80,moron,-34.6534,-58.6198,76.96,81,49,6.98,AR,1675231999
81,lagoa,39.05,-27.9833,56.86,68,98,11.12,PT,1675232011
82,udachnyy,66.4167,112.4,-20.56,74,84,5.35,RU,1675232012
83,sola,-13.8833,167.55,81.27,83,75,0.0,VU,1675232012
84,ulaanbaatar,47.9077,106.8832,3.33,55,87,2.24,MN,1675232013
85,port macquarie,-31.4333,152.9167,80.89,68,6,9.53,AU,1675232014
86,geraldton,-28.7667,114.6,88.21,45,0,25.32,AU,1675232014
87,beckley,37.7782,-81.1882,33.67,97,100,5.75,US,1675231782
88,raton,36.9034,-104.4391,12.54,92,20,3.44,US,1675232016
89,shitanjing,39.2342,106.3439,23.79,21,46,4.88,CN,1675232016
90,sao filipe,14.8961,-24.4956,70.39,71,79,11.65,CV,1675231948
91,nizhnyaya tavda,57.6731,66.1725,22.32,93,93,7.02,RU,1675232017
92,ilulissat,69.2167,-51.1,-0.38,60,75,4.61,GL,1675232018
93,fort nelson,58.8053,-122.7002,0.99,81,100,9.22,CA,1675232018
94,asfi,32.2994,-9.2372,54.05,74,100,13.24,MA,1675232019
95,mar del plata,-38.0023,-57.5575,69.1,90,100,2.3,AR,1675232020
96,clonakilty,51.6231,-8.8706,43.81,77,100,15.84,IE,1675232020
97,mwanza,-2.5167,32.9,71.47,65,53,8.52,TZ,1675232021
98,vaini,-21.2,-175.2,82.56,83,75,9.22,TO,1675232022
99,naze,28.3667,129.4833,64.0,66,85,13.24,JP,1675231903
100,mehamn,71.0357,27.8492,31.91,86,75,16.11,NO,1675232023
101,butaritari,3.0707,172.7902,80.58,78,80,18.05,KI,1675231782
102,brownwood,31.7093,-98.9912,27.72,80,100,10.36,US,1675232024
103,meulaboh,4.1363,96.1285,84.94,60,86,5.57,ID,1675232025
104,saint george,37.1041,-113.5841,28.99,41,0,3.0,US,1675231925
105,beni,0.5,29.4667,73.11,48,74,1.12,CD,1675232026
106,pisco,-13.7,-76.2167,71.65,83,0,4.61,PE,1675232027
107,ahipara,-35.1667,173.1667,71.82,81,99,6.55,NZ,1675232028
108,arraial do cabo,-22.9661,-42.0278,75.24,90,93,22.64,BR,1675232028
109,olinda,-8.0089,-34.8553,80.33,74,40,5.75,BR,1675231910
110,barrow,71.2906,-156.7887,-5.78,77,0,26.46,US,1675232029
111,hofn,64.2539,-15.2082,28.2,64,84,10.38,IS,1675232030
112,inhambane,-23.865,35.3833,80.91,61,67,11.05,MZ,1675231968
113,cabo san lucas,22.8909,-109.9124,69.51,74,67,5.06,MX,1675231441
114,laguna,38.421,-121.4238,44.78,67,0,5.75,US,1675232032
115,lucea,18.451,-78.1736,76.86,79,6,13.06,JM,1675232033
116,castro,-24.7911,-50.0119,62.89,98,100,2.68,BR,1675232033
117,buala,-8.145,159.5921,82.74,73,94,6.89,SB,1675232035
118,bay roberts,47.5999,-53.2648,29.34,91,100,8.01,CA,1675232035
119,pringsewu,-5.3582,104.9744,85.82,69,98,0.85,ID,1675232036
120,hamilton,39.1834,-84.5333,24.44,70,100,5.75,US,1675232037
121,makuyuni,-4.7333,38.1,79.54,59,4,3.24,TZ,1675232038
122,tuktoyaktuk,69.4541,-133.0374,-38.2,74,0,4.61,CA,1675231900
123,brigantine,39.4101,-74.3646,36.0,92,100,4.61,US,1675231915
124,kimbe,-5.5502,150.1429,81.55,81,97,4.23,PG,1675231811
125,minusinsk,53.7103,91.6875,5.99,88,100,1.36,RU,1675232040
126,saskylakh,71.9167,114.0833,-16.85,97,100,18.63,RU,1675231949
127,kruisfontein,-34.0033,24.7314,72.88,57,0,10.74,ZA,1675232041
128,aykhal,66.0,111.5,-21.51,98,42,6.22,RU,1675232042
129,zaysan,47.4667,84.8667,13.91,84,99,2.91,KZ,1675232043
130,te anau,-45.4167,167.7167,63.55,94,100,2.01,NZ,1675232044
131,chernyshevskiy,63.0128,112.4714,-20.09,95,74,3.44,RU,1675232045
132,bethel,41.3712,-73.414,28.76,60,100,5.75,US,1675232017
133,toba,34.4833,136.85,44.6,53,100,2.39,JP,1675232046
134,naantali,60.4674,22.0243,29.86,100,75,2.3,FI,1675232047
135,meiktila,20.8667,95.8667,89.64,30,4,4.56,MM,1675232048
136,leirvik,59.7798,5.5005,40.62,95,100,11.68,NO,1675232049
137,nan,18.8333,100.6667,82.42,39,0,3.44,TH,1675232050
138,nouadhibou,20.931,-17.0347,58.98,72,100,20.71,MR,1675232051
139,tasiilaq,65.6145,-37.6368,15.96,72,97,8.86,GL,1675232052
140,khanu woralaksaburi,16.0617,99.8606,89.4,21,90,1.81,TH,1675232052
141,san patricio,28.017,-97.5169,39.04,86,100,12.68,US,1675232033
142,tabou,4.423,-7.3528,77.81,88,97,2.13,CI,1675232054
143,unai,-16.3575,-46.9061,67.33,80,49,2.39,BR,1675232055
144,airai,-8.9266,125.4092,69.24,85,85,2.73,TL,1675232057
145,broken hill,-31.95,141.4333,81.05,28,0,9.75,AU,1675232058
146,aklavik,68.2191,-135.0107,-29.67,100,68,6.71,CA,1675232059
147,pechenga,69.5259,31.1703,27.79,92,100,10.98,RU,1675232060
148,perry,37.2506,-83.1999,37.58,95,100,5.03,US,1675232061
149,busselton,-33.65,115.3333,83.35,31,0,6.67,AU,1675232062
150,sabang,5.8933,95.3214,80.06,72,95,3.76,ID,1675231976
151,tateyama,34.9833,139.8667,59.09,63,53,25.72,JP,1675232063
152,sironj,24.1,77.7,68.07,33,1,8.66,IN,1675232064
153,nanortalik,60.1432,-45.2371,14.23,81,99,8.34,GL,1675232065
154,qui nhon,13.7667,109.2333,75.69,79,43,8.05,VN,1675231799
155,bol,13.4586,14.7147,72.23,42,100,17.94,TD,1675232066
156,ngunguru,-35.6167,174.5,70.74,87,100,9.55,NZ,1675232067
157,kathmandu,27.7167,85.3167,68.22,36,20,3.44,NP,1675231741
158,tuatapere,-46.1333,167.6833,64.44,90,98,3.22,NZ,1675232014
159,kamaishi,39.2667,141.8833,43.81,61,84,18.61,JP,1675232070
160,guerrero negro,27.9769,-114.0611,55.72,62,10,9.89,MX,1675232070
161,baykalsk,51.5058,104.1469,13.51,86,94,2.35,RU,1675232071
162,pevek,69.7008,170.3133,7.7,84,45,4.29,RU,1675231792
163,bom jesus,-9.0744,-44.3586,75.11,63,52,2.01,BR,1675232010
164,maraa,-1.8333,-65.3667,72.03,98,100,1.32,BR,1675232072
165,duku,11.2361,4.9073,73.74,18,87,7.05,NG,1675232073
166,fairbanks,64.8378,-147.7164,14.09,79,100,4.61,US,1675232074
167,marienburg,54.0359,19.0266,37.04,92,100,19.8,PL,1675232018
168,tiksi,71.6872,128.8694,-0.89,100,100,7.43,RU,1675232075
169,maxixe,-23.8597,35.3472,81.1,60,66,10.51,MZ,1675232076
170,nikolskoye,59.7035,30.7861,31.91,87,99,6.11,RU,1675232077
171,clyde river,70.4692,-68.5914,-32.57,68,0,6.91,CA,1675232077
172,spas-demensk,54.4122,34.0226,28.35,84,99,5.59,RU,1675232078
173,port blair,11.6667,92.75,86.04,70,20,8.05,IN,1675232079
174,beringovskiy,63.05,179.3167,18.77,97,62,8.3,RU,1675232079
175,cairns,-16.9167,145.7667,85.95,74,100,8.05,AU,1675232080
176,tura,25.5198,90.2201,81.73,25,19,5.73,IN,1675232081
177,arrecife,28.963,-13.5477,60.78,72,0,14.97,ES,1675232081
178,khatanga,71.9667,102.5,-45.58,100,62,2.33,RU,1675232082
179,kavaratti,10.5669,72.642,79.81,75,72,13.31,IN,1675232083
180,uvalde,29.3669,-99.767,32.99,91,100,9.22,US,1675232083
181,woodward,36.4337,-99.3904,15.03,79,0,4.61,US,1675232084
182,bathsheba,13.2167,-59.5167,74.01,78,20,6.91,BB,1675232084
183,biskupiec,53.8647,20.9569,33.62,97,100,18.05,PL,1675232085
184,haverfordwest,51.8017,-4.9691,48.58,78,50,5.99,GB,1675232086
185,verkhoyansk,67.5447,133.385,-19.64,98,100,2.82,RU,1675232086
186,saryozek,44.3583,77.9753,30.96,69,76,1.66,KZ,1675232087
187,bredasdorp,-34.5322,20.0403,70.95,78,12,7.63,ZA,1675232088
188,coahuayana,18.7333,-103.6833,67.14,90,6,4.0,MX,1675232088
189,kahului,20.8947,-156.47,75.85,90,20,1.99,US,1675231801
190,fortuna,40.5982,-124.1573,38.32,93,0,9.22,US,1675232089
191,cayenne,4.9333,-52.3333,73.44,100,75,2.3,GF,1675232090
192,susangerd,31.5608,48.1831,60.1,68,3,0.74,IR,1675232090
193,kusti,13.1629,32.6635,78.49,17,7,14.58,SD,1675232091
194,kyrksaeterora,63.2906,9.0891,18.84,83,100,4.38,NO,1675232092
195,portland,45.5234,-122.6762,36.21,75,100,8.05,US,1675231863
196,nalut,30.3333,10.85,38.61,56,7,7.65,LY,1675232093
197,lebu,-37.6167,-73.65,56.19,87,0,19.89,CL,1675231957
198,agadez,19.75,10.25,51.4,36,24,8.23,NE,1675232094
199,luderitz,-26.6481,15.1594,63.59,78,5,11.56,NA,1675232095
200,norman wells,65.282,-126.8329,-34.56,67,40,0.0,CA,1675232095
201,koutiala,12.3917,-5.4642,69.58,9,100,8.52,ML,1675232096
202,mastung,29.7994,66.845,52.34,29,0,3.36,PK,1675232097
203,faanui,-16.4833,-151.75,82.06,73,97,16.17,PF,1675232098
204,khandyga,62.6667,135.6,-28.07,90,100,3.87,RU,1675232098
205,coquimbo,-29.9533,-71.3436,62.33,100,75,1.14,CL,1675232099
206,bodden town,19.2833,-81.25,77.94,83,11,18.05,KY,1675232100
207,meridian,43.6121,-116.3915,21.18,64,0,8.05,US,1675231833
208,dembi dolo,8.5333,34.8,72.82,35,48,1.7,ET,1675232101
209,itatinga,-23.1017,-48.6158,65.39,97,100,2.66,BR,1675232103
210,gravdal,68.1214,13.5031,22.89,100,0,0.0,NO,1675232105
211,la ronge,55.1001,-105.2842,-21.75,76,0,4.61,CA,1675232106
212,cordoba,-31.4135,-64.1811,78.76,84,0,5.75,AR,1675232061
213,mokolo,10.7398,13.8019,70.02,24,98,4.7,CM,1675232107
214,hopewell,37.3043,-77.2872,39.38,95,100,6.85,US,1675232108
215,bonthe,7.5264,-12.505,74.14,88,0,3.62,SL,1675232109
216,basco,20.4487,121.9702,75.72,72,96,13.91,PH,1675232110
217,minas,-34.3759,-55.2377,63.82,98,10,4.94,UY,1675231826
218,kiama,-34.6833,150.8667,78.26,67,17,9.28,AU,1675232112
219,torbay,47.6666,-52.7314,28.58,94,100,23.02,CA,1675232113
220,san quintin,30.4833,-115.95,54.55,64,70,2.37,MX,1675232114
221,oussouye,12.485,-16.5469,68.09,39,68,7.65,SN,1675232115
222,montepuez,-13.1256,38.9997,74.01,92,47,5.41,MZ,1675232116
223,chibombo,-14.6569,28.0706,66.0,94,97,0.92,ZM,1675232117
224,humberto de campos,-2.5983,-43.4611,74.08,95,99,4.32,BR,1675232118
225,upernavik,72.7868,-56.1549,-4.76,92,100,2.48,GL,1675232119
226,pangnirtung,66.1451,-65.7125,-23.96,75,100,4.18,CA,1675232120
227,umm kaddadah,13.6017,26.6876,68.36,23,36,17.9,SD,1675232122
228,grindavik,63.8424,-22.4338,27.07,74,0,4.61,IS,1675231957
229,simao,22.7886,100.9748,80.04,21,29,5.21,CN,1675232124
230,murchison,-41.8,172.3333,62.49,99,100,2.86,NZ,1675232125
231,tezu,27.9167,96.1667,83.12,20,83,4.56,IN,1675231853
232,the pas,53.8251,-101.2541,-27.38,75,20,2.3,CA,1675232127
233,saint-augustin,51.226,-58.6502,-12.64,90,1,5.08,CA,1675231941
234,sioux lookout,50.1001,-91.917,-18.33,76,0,3.44,CA,1675232128
235,bara,10.3744,10.7288,68.43,23,94,6.46,NG,1675232129
236,kununurra,-15.7667,128.7333,82.38,89,100,10.36,AU,1675231845
237,cockburn town,21.4612,-71.1419,77.16,71,92,19.73,TC,1675232130
238,yulara,-25.2406,130.9889,93.76,11,2,18.41,AU,1675231929
239,yugo-kamskiy,57.7053,55.5894,26.62,94,100,8.9,RU,1675232132
240,coihaique,-45.5752,-72.0662,52.41,66,0,3.44,CL,1675232132
241,solnechnyy,50.7214,136.6319,0.66,91,100,3.24,RU,1675232133
242,sokolo,14.7328,-6.1219,63.95,12,92,9.51,ML,1675232134
243,sibiti,-3.6819,13.3499,68.95,98,96,1.1,CG,1675232135
244,lisala,2.15,21.5167,74.91,68,5,3.18,CD,1675232136
245,gezing,47.9178,13.1299,36.14,96,75,9.22,AT,1675232137
246,caravelas,-17.7125,-39.2481,73.98,86,97,2.91,BR,1675232138
247,kantunilkin,21.0917,-87.45,67.98,98,8,2.21,MX,1675232138
248,sur,22.5667,59.5289,72.19,58,6,8.25,OM,1675231935
249,roswell,34.0232,-84.3616,57.07,95,100,5.75,US,1675232139
250,severo-kurilsk,50.6789,156.125,23.23,67,62,6.11,RU,1675232140
251,belmonte,-15.8631,-38.8828,74.68,84,5,3.91,BR,1675232141
252,tres picos,15.8667,-93.5333,75.27,73,1,3.62,MX,1675232142
253,nuuk,64.1835,-51.7216,3.7,89,100,13.38,GL,1675231963
254,alappuzha,9.49,76.3264,91.0,72,90,4.88,IN,1675231845
255,chegem,43.2833,43.1333,8.73,41,67,3.96,RU,1675232145
256,port hedland,-20.3167,118.5667,95.05,55,21,16.11,AU,1675232145
257,garowe,8.4054,48.4845,70.88,64,2,11.7,SO,1675232146
258,licheng,23.2955,113.8284,77.95,45,76,1.36,CN,1675232147
259,wanning,18.8003,110.3967,76.32,72,39,8.5,CN,1675232147
260,kaoma,-14.7833,24.8,63.46,99,100,3.78,ZM,1675232148
261,tautira,-17.7333,-149.15,80.53,77,18,15.7,PF,1675232035
262,barranca,-10.75,-77.7667,71.04,79,100,4.85,PE,1675232149
263,olafsvik,64.8945,-23.7142,29.52,88,99,12.75,IS,1675232150
264,onega,63.9061,38.1404,18.68,94,100,7.05,RU,1675232151
265,tual,-5.6667,132.75,83.43,75,90,13.44,ID,1675232151
266,acarau,-2.8856,-40.12,76.95,89,53,11.65,BR,1675232152
267,aguilas,37.4063,-1.5829,47.62,61,0,4.09,ES,1675232153
268,yen bai,21.7,104.8667,72.18,45,58,2.66,VN,1675232153
269,faya,18.3851,42.4509,61.32,42,57,4.99,SA,1675232154
270,fort walton beach,30.4058,-86.6188,67.01,97,100,3.44,US,1675232155
271,monforte de lemos,42.5216,-7.5142,37.56,91,12,1.72,ES,1675232156
272,price,39.5994,-110.8107,12.11,61,0,4.61,US,1675232156
273,mount isa,-20.7333,139.5,89.37,43,96,4.61,AU,1675231909
274,baker city,44.7749,-117.8344,18.59,70,0,4.61,US,1675232157
275,puro,12.4841,123.3827,83.07,73,23,13.29,PH,1675232158
276,mayor pablo lagerenza,-19.9309,-60.7718,71.74,96,98,3.62,PY,1675232159
277,kastrakion,39.7156,21.6181,34.97,59,0,4.65,GR,1675232160
278,ubinskoye,55.3068,79.6802,5.31,84,40,3.38,RU,1675232160
279,penzance,50.1186,-5.5371,47.08,69,83,19.55,GB,1675232161
280,vallenar,-28.5708,-70.7581,67.05,67,2,2.8,CL,1675232108
281,malatya,38.5,38.0,33.85,100,75,3.44,TR,1675232163
282,izhmorskiy,56.194,86.6414,9.61,88,84,3.11,RU,1675232164
283,garden city,42.3256,-83.331,15.82,83,20,9.22,US,1675231981
284,jalu,29.0331,21.5482,49.8,77,4,10.51,LY,1675232165
285,molteno,-31.3968,26.3625,66.87,60,8,13.0,ZA,1675232166
286,teahupoo,-17.8333,-149.2667,75.16,77,18,16.58,PF,1675231987
287,juegang,32.3174,121.1855,51.98,67,23,22.95,CN,1675232167
288,labuhan,-6.8844,112.2051,82.54,78,100,11.79,ID,1675232168
289,mitu,1.1983,-70.1733,69.94,81,48,1.36,CO,1675232170
290,marsabit,2.3284,37.9899,67.89,68,7,18.68,KE,1675232171
291,east london,-33.0153,27.9116,79.74,73,0,5.75,ZA,1675232173
292,chimbote,-9.0853,-78.5783,69.91,79,100,4.38,PE,1675232132
293,jahangirabad,28.4167,78.1,65.98,48,0,13.06,IN,1675232175
294,taksimo,56.3444,114.8794,6.17,68,100,4.47,RU,1675231936
295,ust-kuyga,70.0167,135.6,-16.29,98,100,8.43,RU,1675232176
296,pacific grove,36.6177,-121.9166,44.65,82,0,4.61,US,1675232177
297,lubao,14.9167,120.55,91.11,57,83,11.9,PH,1675232178
298,takoradi,4.8845,-1.7554,77.05,87,50,1.25,GH,1675232179
299,lavrentiya,65.5833,-171.0,8.49,98,91,4.23,RU,1675232180
300,narsaq,60.9167,-46.05,12.56,94,100,5.91,GL,1675232182
301,araouane,18.9048,-3.5265,55.0,16,0,9.84,ML,1675232183
302,santa luzia,-19.7697,-43.8514,70.7,68,0,0.0,BR,1675232184
303,synya,65.3718,58.0387,22.53,92,100,13.87,RU,1675232185
304,lixourion,38.2019,20.4314,39.2,70,20,6.91,GR,1675232186
305,esperance,-33.8667,121.9,66.04,57,74,15.86,AU,1675232186
306,cochrane,51.1834,-114.4687,23.27,92,100,2.3,CA,1675232119
307,klaksvik,62.2266,-6.589,36.52,82,95,27.45,FO,1675232187
308,vila,42.0304,-8.1588,27.48,71,40,4.29,PT,1675232188
309,saint-pierre,-21.3393,55.4781,82.18,74,75,17.27,RE,1675232169
310,evensk,61.95,159.2333,11.12,96,100,4.92,RU,1675232190
311,okato,-39.2,173.8833,72.18,88,100,15.01,NZ,1675232190
312,mattru,7.6244,-11.8332,72.18,91,0,1.41,SL,1675232191
313,capinzal,-27.3436,-51.6119,66.34,98,54,1.9,BR,1675232191
314,tazovskiy,67.4667,78.7,9.32,94,100,17.74,RU,1675232192
315,itarema,-2.9248,-39.9167,76.68,90,53,11.14,BR,1675232193
316,taltal,-25.4,-70.4833,67.62,85,72,0.56,CL,1675232114
317,princeville,45.7668,-61.2985,21.9,85,75,8.05,CA,1675232194
318,krivosheino,57.3431,83.9261,6.31,93,67,3.53,RU,1675232194
319,sambava,-14.2667,50.1667,83.17,72,16,9.04,MG,1675231979
320,bure,10.7,37.0667,69.24,29,11,1.81,ET,1675232195
321,at-bashi,41.1702,75.8106,21.94,66,94,1.61,KG,1675232196
322,longyearbyen,78.2186,15.6401,15.64,67,75,10.36,SJ,1675232197
323,wallacetown,-46.3333,168.2667,61.09,98,100,2.68,NZ,1675232198
324,port-gentil,-0.7193,8.7815,80.13,81,37,13.62,GA,1675232199
325,monte gordo,37.1819,-7.4523,44.55,58,2,8.34,PT,1675232199
326,cherskiy,68.75,161.3,-13.13,100,58,5.17,RU,1675232200
327,berlevag,70.8578,29.0864,31.95,80,75,28.77,NO,1675232201
328,codrington,-38.2667,141.9667,63.19,44,92,13.82,AU,1675232021
329,college,64.8569,-147.8028,14.07,78,100,4.61,US,1675232202
330,cabatuan,10.8794,122.486,84.29,71,47,14.65,PH,1675232167
331,plouzane,48.3833,-4.6167,46.72,78,100,6.91,FR,1675232203
332,leningradskiy,69.3833,178.4167,4.46,96,100,10.2,RU,1675232067
333,chapais,49.7834,-74.8492,1.18,92,100,11.86,CA,1675232204
334,okhotsk,59.3833,143.3,0.86,96,100,11.83,RU,1675232205
335,darovskoy,58.77,47.9564,18.93,95,100,9.55,RU,1675232206
336,lompoc,34.6391,-120.4579,42.94,93,0,4.61,US,1675232206
337,bristol,41.8334,-71.1662,28.26,57,49,4.0,US,1675231681
338,ntungamo,-0.8833,29.65,75.49,45,82,1.28,UG,1675232207
339,lithakia,37.7167,20.8333,38.48,70,0,2.3,GR,1675232208
340,tambopata,-12.7333,-69.1833,71.06,99,91,1.12,PE,1675232209
341,buraydah,26.326,43.975,55.85,49,24,8.77,SA,1675232209
342,zasechnoye,53.1092,45.0764,28.67,90,98,8.93,RU,1675232210
343,itoigawa,37.0333,137.85,44.02,81,99,14.65,JP,1675232211
344,manggar,-2.8833,108.2667,83.55,72,99,8.23,ID,1675232212
345,beihai,21.4833,109.1,69.66,80,91,8.68,CN,1675232212
346,kibala,9.1104,18.3463,77.5,20,7,4.21,TD,1675232213
347,dunedin,-45.8742,170.5036,65.75,86,100,11.86,NZ,1675231809
348,broome,42.2506,-75.833,18.7,80,100,3.44,US,1675232073
349,red wing,44.5625,-92.5338,8.69,66,40,0.0,US,1675232184
350,inirida,3.8653,-67.9239,72.01,71,51,2.33,CO,1675232031
351,nishihara,26.1842,127.7558,73.06,53,20,17.27,JP,1675232217
352,martapura,-3.4167,114.85,86.09,70,40,4.61,ID,1675232217
353,sorland,67.667,12.6934,35.46,64,73,11.48,NO,1675232218
354,oktyabrskoye,43.0645,44.7417,26.74,100,100,4.47,RU,1675232219
355,hambantota,6.1241,81.1185,86.34,79,40,2.3,LK,1675231980
356,praia da vitoria,38.7333,-27.0667,54.75,93,20,9.62,PT,1675232220
357,punta alta,-38.8759,-62.0736,65.05,86,100,10.33,AR,1675232220
358,santa marta,11.2408,-74.199,74.52,73,12,16.11,CO,1675232221
359,chik,54.9928,82.4311,-9.65,77,40,2.24,RU,1675232222
360,jumla,29.2747,82.1838,53.38,15,0,3.29,NP,1675232223
361,areia branca,-4.9561,-37.1369,77.72,76,91,13.82,BR,1675232225
362,san miguel,13.4833,-88.1833,73.99,64,5,0.43,SV,1675232226
363,hammerfest,70.6634,23.6821,30.65,86,40,17.27,NO,1675232227
364,trincomalee,8.5711,81.2335,75.06,94,100,21.54,LK,1675232228
365,sterling,39.0062,-77.4286,35.6,90,100,5.75,US,1675232229
366,debre zeyit,8.75,38.9833,69.13,29,2,2.46,ET,1675232230
367,harper,4.375,-7.7169,78.08,86,70,2.55,LR,1675232231
368,bozoum,6.3193,16.3799,75.27,35,73,2.46,CF,1675232232
369,alyangula,-13.8483,136.4192,87.3,66,100,1.54,AU,1675232233
370,chapleau,47.8405,-83.4034,2.01,93,40,8.59,CA,1675232234
371,hualmay,-11.0964,-77.6139,71.29,79,100,6.49,PE,1675232235
372,borogontsy,62.6683,131.1683,-27.44,90,100,1.88,RU,1675232236
373,tamale,9.4008,-0.8393,74.82,13,56,5.39,GH,1675232237
374,palmerston,-12.486,130.9833,92.03,69,75,13.8,AU,1675232118
375,willmar,45.1219,-95.0433,1.58,71,0,6.91,US,1675231965
376,martyush,56.4,61.8819,20.79,89,91,6.58,RU,1675232240
377,mnogovershinnyy,53.9353,139.9242,-7.1,82,53,4.99,RU,1675232241
378,richards bay,-28.783,32.0377,77.22,81,100,12.62,ZA,1675232242
379,rio grande,-32.035,-52.0986,73.4,85,0,4.27,BR,1675232122
380,diapaga,12.0708,1.7889,71.13,7,38,7.47,BF,1675232245
381,seinajoki,62.7945,22.8282,25.7,95,100,6.91,FI,1675232247
382,ipixuna,-1.7625,-48.8043,72.27,99,100,4.54,BR,1675232249
383,mitsamiouli,-11.3847,43.2844,82.44,74,46,6.51,KM,1675232249
384,mackay,-21.15,149.2,83.1,84,100,11.65,AU,1675232118
385,sistranda,63.7256,8.834,26.56,70,100,11.23,NO,1675232250
386,fukue,32.6881,128.8419,59.36,55,75,11.5,JP,1675232251
387,wexford,52.3342,-6.4575,46.13,78,47,11.01,IE,1675232252
388,marsa matruh,31.3525,27.2453,54.66,71,43,26.75,EG,1675232253
389,tilichiki,60.4667,166.1,9.34,93,100,7.43,RU,1675232253
390,mana,5.6592,-53.7767,73.53,90,42,2.33,GF,1675232254
391,aksarka,66.5606,67.7975,14.77,95,100,11.27,RU,1675232254
392,tambura,5.6,27.4667,81.81,24,32,3.74,SS,1675232255
393,ossora,59.2353,163.0719,18.16,88,100,3.87,RU,1675232256
394,bassar,9.25,0.7833,69.93,20,32,2.62,TG,1675232256
395,anzio,41.4853,12.6179,49.01,63,68,3.13,IT,1675232257
396,luzon,6.519,126.0941,82.0,72,48,5.7,PH,1675232258
397,lenoir,35.2335,-77.6497,59.25,100,100,0.0,US,1675232258
398,provideniya,64.3833,-173.3,19.22,98,95,2.62,RU,1675232259
399,tamiahua,21.2667,-97.45,72.39,88,50,5.23,MX,1675232260
400,odienne,9.51,-7.5692,69.53,20,6,2.19,CI,1675232260
401,chumikan,54.7183,135.315,-5.19,84,37,15.66,RU,1675232261
402,tierralta,8.1736,-76.0592,72.3,92,9,2.24,CO,1675232262
403,almazar,40.3217,69.0106,41.47,62,100,21.09,UZ,1675232262
404,namibe,-15.1961,12.1522,72.45,79,100,3.56,AO,1675232263
405,aragarcas,-15.8975,-52.2508,71.56,93,100,0.45,BR,1675232263
406,rio gallegos,-51.6226,-69.2181,53.65,62,0,8.05,AR,1675232121
407,pundaguitan,6.3711,126.1689,81.61,76,20,12.3,PH,1675232264
408,puerto baquerizo moreno,-0.9,-89.6,75.94,84,33,5.88,EC,1675231971
409,urumqi,43.801,87.6005,11.35,67,100,2.24,CN,1675232163
410,dharchula,29.85,80.5333,67.17,16,0,4.45,IN,1675232266
411,najran,17.4924,44.1277,74.05,24,46,5.14,SA,1675232267
412,san jeronimo,-11.9472,-75.2829,46.58,95,100,4.32,PE,1675232268
413,keflavik,64.0049,-22.5624,27.03,74,0,4.61,IS,1675232268
414,lasa,46.6166,10.7002,36.48,89,21,6.8,IT,1675231991
415,huarmey,-10.0681,-78.1522,71.2,80,100,4.29,PE,1675232269
416,santa teresa,10.2341,-66.6631,72.91,98,19,1.39,VE,1675232270
417,betare oya,5.6,14.0833,71.06,51,12,1.83,CM,1675232271
418,kovdor,67.5662,30.4758,8.82,97,99,2.77,RU,1675232271
419,pacifica,37.6138,-122.4869,50.16,69,20,5.75,US,1675232272
420,victoria,22.2855,114.1577,76.96,76,42,5.99,HK,1675232261
421,high level,58.5169,-117.136,-7.49,77,0,10.36,CA,1675232135
422,comodoro rivadavia,-45.8667,-67.5,66.06,34,0,4.61,AR,1675232273
423,yerbogachen,61.2767,108.0108,-7.58,96,98,4.29,RU,1675232274
424,yeppoon,-23.1333,150.7333,92.98,76,95,4.76,AU,1675232275
425,bundibugyo,0.7414,30.0417,72.86,57,89,3.31,UG,1675232276
426,adrar,20.5022,-10.0711,56.84,16,29,10.11,MR,1675232276
427,hay river,60.8156,-115.7999,-16.62,69,75,11.5,CA,1675232277
428,bilma,18.6853,12.9164,55.49,31,89,12.03,NE,1675232277
429,lypnyazhka,48.4469,31.0761,30.69,81,83,7.2,UA,1675232278
430,suntar,62.1444,117.6319,-15.81,93,79,6.49,RU,1675232279
431,saint-georges,12.0564,-61.7485,74.08,76,2,6.93,GD,1675232279
432,dicabisagan,17.0818,122.4157,79.25,73,88,5.3,PH,1675232280
433,amazar,53.858,120.875,7.2,63,95,6.24,RU,1675232281
434,mata,40.683,-7.4592,37.76,86,6,6.06,PT,1675232282
435,bambous virieux,-20.3428,57.7575,85.21,74,75,10.36,MU,1675232283
436,deputatskiy,69.3,139.9,-19.64,95,100,5.19,RU,1675232283
437,utica,43.1009,-75.2327,16.92,77,99,1.25,US,1675232178
438,shumikha,55.2261,63.2961,18.55,86,98,6.38,RU,1675232285
439,rudsar,37.1376,50.288,49.98,82,78,2.39,IR,1675232286
440,acapulco,16.8634,-99.8901,75.02,78,0,3.44,MX,1675232040
441,bulawayo,-20.15,28.5833,69.44,71,68,7.63,ZW,1675232287
442,grants,35.1473,-107.8514,23.23,54,0,6.91,US,1675232288
443,kuching,1.55,110.3333,84.02,81,40,5.01,MY,1675232289
444,sitka,57.0531,-135.33,39.09,93,100,0.0,US,1675232290
445,general roca,-39.0333,-67.5833,61.63,68,9,6.33,AR,1675232291
446,puerto escondido,15.85,-97.0667,75.09,70,3,4.74,MX,1675232292
447,matay,28.419,30.7792,51.33,52,2,9.78,EG,1675232202
448,oga,46.4631,10.347,29.08,95,41,4.65,IT,1675232294
449,walvis bay,-22.9575,14.5053,63.93,77,100,4.34,NA,1675232295
450,linares,-35.85,-71.6,57.16,44,0,1.74,CL,1675232297
451,atyrau,47.1167,51.8833,19.42,63,0,8.95,KZ,1675232298
452,sao raimundo das mangabeiras,-7.0219,-45.4811,74.43,76,96,0.2,BR,1675232298
453,kirakira,-10.4544,161.9205,83.3,74,95,7.2,SB,1675232299
454,katsuura,35.1333,140.3,53.62,63,57,25.77,JP,1675232300
455,havelock,34.8791,-76.9013,58.95,89,100,0.0,US,1675232301
456,guadalupe y calvo,26.1,-106.9667,36.64,98,100,2.48,MX,1675232302
457,santiago de chuco,-8.15,-78.1833,50.7,84,100,2.68,PE,1675232303
458,nam som,17.7704,102.1895,88.09,20,14,2.13,TH,1675232304
459,kolkwitz,51.75,14.25,40.66,83,100,19.84,DE,1675232305
460,taywarah,33.35,64.4167,30.24,72,97,9.44,AF,1675232306
461,moindou,-21.6924,165.677,81.5,65,90,4.36,NC,1675232307
462,makakilo city,21.3469,-158.0858,76.57,83,20,4.61,US,1675232211
463,aksu,41.1231,80.2644,24.35,64,87,0.94,CN,1675232308
464,venado tuerto,-33.7456,-61.9688,72.77,47,2,8.01,AR,1675232310
465,boddam,57.4667,-1.7833,39.58,67,15,35.75,GB,1675232028
466,vao,-22.6667,167.4833,79.45,77,84,14.18,NC,1675232311
467,santarem,-2.4431,-54.7083,73.53,100,75,4.61,BR,1675232312
468,ust-tsilma,65.441,52.1498,26.28,85,99,12.8,RU,1675232313
469,govindgarh,27.5,76.9833,66.99,38,0,11.03,IN,1675232313
470,sao felix do xingu,-6.6447,-51.995,69.53,99,26,1.28,BR,1675232314
471,georgiyevka,43.0369,74.7114,35.64,60,0,11.18,KZ,1675232315
472,tyukhtet,56.5389,89.3011,11.07,93,100,3.27,RU,1675232316
473,petropavlovskoye,52.0712,84.107,19.87,87,100,1.52,RU,1675232317
474,amapa,1.0,-52.0,69.76,100,94,2.21,BR,1675232318
475,kingaroy,-26.5333,151.8333,82.72,48,98,4.7,AU,1675232319
476,the valley,18.217,-63.0578,76.1,69,2,17.56,AI,1675232319
477,jiangyou,31.7667,104.7167,65.77,26,2,5.61,CN,1675232320
478,boende,-0.2167,20.8667,74.59,71,32,3.74,CD,1675232321
479,juba,4.8517,31.5825,84.42,32,30,0.89,SS,1675232321
480,kamenka,51.3223,42.7678,26.62,90,100,9.71,RU,1675232322
481,alexandria,31.2156,29.9553,56.68,65,33,27.85,EG,1675232206
482,jhabua,22.7667,74.6,74.01,29,34,10.47,IN,1675232323
483,kenai,60.5544,-151.2583,31.08,93,100,4.61,US,1675232324
484,kerrobert,51.9168,-109.1348,-3.95,97,97,0.85,CA,1675232324
485,lira,2.235,32.9097,79.0,48,3,3.89,UG,1675232203
486,vicksburg,32.3526,-90.8779,35.33,93,100,10.36,US,1675232215
487,tartagal,-22.5164,-63.8013,71.26,88,87,4.79,AR,1675232326
488,gornozavodsk,58.3758,58.3211,21.13,95,100,8.5,RU,1675232326
489,anchorage,61.2181,-149.9003,30.65,93,100,4.0,US,1675232286
490,gazli,40.1333,63.45,50.95,49,100,18.1,UZ,1675232328
491,rochegda,62.8,43.25,25.83,90,100,10.74,RU,1675232329
492,marks,51.7111,46.7486,17.29,96,86,5.03,RU,1675232329
493,touros,-5.1989,-35.4608,78.84,74,96,13.27,BR,1675232330
494,arman,59.7,150.1667,12.02,94,100,5.26,RU,1675232331
495,goderich,43.7501,-81.7165,19.9,67,100,17.27,CA,1675232332
496,port lincoln,-34.7333,135.8667,66.07,52,83,15.61,AU,1675232332
497,constitucion,-35.3333,-72.4167,54.07,79,1,5.66,CL,1675232333
498,tessalit,20.1986,1.0114,57.85,12,7,6.8,ML,1675232209
499,havre-saint-pierre,50.2334,-63.5986,1.4,84,40,5.75,CA,1675232334
500,beroroha,-21.6667,45.1667,81.21,67,96,7.65,MG,1675232335
501,sherlovaya gora,50.5667,116.25,-3.1,89,5,3.69,RU,1675232336
502,camden,39.7835,-74.9663,35.19,83,100,3.18,US,1675231644
503,ust-maya,60.4167,134.5333,-22.04,90,100,1.99,RU,1675232208
504,campbell river,50.0163,-125.2446,35.13,99,100,4.99,CA,1675232119
505,mandalgovi,45.7625,106.2708,14.61,34,0,12.77,MN,1675232337
506,kifri,34.6959,44.9661,51.48,75,23,5.59,IQ,1675232338
507,ramanuj ganj,23.8,83.7,74.64,24,0,8.79,IN,1675232339
508,salalah,17.0151,54.0924,75.29,53,75,6.91,OM,1675232274
509,manzhouli,49.6,117.4333,0.64,82,5,12.82,CN,1675232340
510,talcahuano,-36.7167,-73.1167,55.08,76,0,9.22,CL,1675232115
511,lata,40.1629,-8.3327,35.08,76,1,3.74,PT,1675232341
512,butte,39.6499,-121.5677,44.62,65,0,8.05,US,1675232342
513,la antigua,6.7153,-76.079,56.73,94,70,2.35,CO,1675232343
514,limbang,4.75,115.0,89.71,70,99,3.36,MY,1675232293
515,jieshi,22.8134,115.8257,70.16,72,86,9.35,CN,1675232344
516,dongsheng,39.8161,109.9776,18.28,20,55,9.31,CN,1675232345
517,grenaa,56.4158,10.8783,37.62,90,100,25.97,DK,1675232345
518,lazaro cardenas,17.9583,-102.2,71.71,88,1,4.12,MX,1675232346
519,morondava,-20.2833,44.2833,80.01,79,100,6.35,MG,1675232347
520,chabahar,25.2919,60.643,68.2,61,0,7.54,IR,1675232348
521,atambua,-9.1061,124.8925,82.69,70,48,6.71,ID,1675232349
522,zigong,29.3416,104.7769,65.16,29,7,0.69,CN,1675232350
523,baiao,-2.7906,-49.6717,72.09,99,100,3.44,BR,1675232352
524,shelburne,44.0787,-80.2041,7.59,96,27,8.01,CA,1675232184
525,madang,-5.2246,145.7966,83.5,84,92,7.4,PG,1675232353
526,kuliyapitiya,7.4688,80.0401,79.34,74,100,6.64,LK,1675232355
527,luanda,-8.8368,13.2343,78.3,83,99,5.99,AO,1675232356
528,turukhansk,65.8167,87.9833,4.84,94,99,11.63,RU,1675232356
529,tongren,27.7172,109.1853,57.42,39,57,6.64,CN,1675232357
530,vanimo,-2.6741,141.3028,83.17,74,95,6.85,PG,1675232358
531,bako,5.7833,36.5667,76.48,37,20,4.83,ET,1675232359
532,kiunga,-6.1219,141.2906,88.81,62,97,4.12,PG,1675232360
533,plettenberg bay,-34.0527,23.3716,71.1,72,1,8.95,ZA,1675232362
534,taikang,46.8333,124.4167,14.63,67,73,9.64,CN,1675232362
535,visby,57.6409,18.296,35.82,87,100,8.05,SE,1675232363
536,sabha,27.0377,14.4283,42.21,58,0,9.01,LY,1675232365
537,acajutiba,-11.6622,-38.0172,70.07,95,47,3.76,BR,1675232367
538,gat,31.61,34.7642,54.39,100,64,19.26,IL,1675232346
539,gizo,-8.103,156.8419,83.21,75,92,15.28,SB,1675232368
540,koumac,-20.5667,164.2833,81.95,56,66,5.95,NC,1675232368
541,oulainen,64.2667,24.8,13.01,98,56,3.96,FI,1675232369
542,norrkoping,58.5942,16.1826,34.79,91,100,3.44,SE,1675232370
543,sechura,-5.5569,-80.8222,74.84,72,96,4.25,PE,1675232370
544,dingle,10.9995,122.6711,83.61,74,49,14.41,PH,1675232371
545,yazoo city,32.8551,-90.4056,30.9,91,100,7.09,US,1675232372
546,salinopolis,-0.6136,-47.3561,74.61,94,100,2.21,BR,1675232372
547,tokur,53.1333,132.9,-8.37,85,84,2.33,RU,1675232373
548,calvinia,-31.4707,19.776,62.42,48,0,4.61,ZA,1675232374
549,westlock,54.1502,-113.8688,11.26,97,100,1.45,CA,1675232375
550,eirunepe,-6.6603,-69.8736,72.19,99,99,2.01,BR,1675232375
551,maniitsoq,65.4167,-52.9,2.32,75,80,12.59,GL,1675232376
552,passo de camaragibe,-9.2368,-35.4901,72.95,92,77,0.94,BR,1675232376
553,riohacha,11.5444,-72.9072,71.85,86,6,11.14,CO,1675232378
554,cookeville,36.1628,-85.5016,35.8,96,100,3.0,US,1675232379
555,paamiut,61.994,-49.6678,14.36,74,100,10.2,GL,1675232379
556,cabinda,-5.55,12.2,78.89,87,100,4.81,AO,1675232380
557,homer,59.6425,-151.5483,35.76,92,100,3.44,US,1675232380
558,vila franca do campo,37.7167,-25.4333,55.81,83,38,7.52,PT,1675232381
559,sattahip,12.6664,100.9007,92.98,43,20,10.36,TH,1675232114
560,maridi,4.9158,29.4742,82.81,34,39,3.6,SS,1675232382
561,komsomolskiy,40.4272,71.7189,38.12,70,100,2.3,UZ,1675232383
562,erdenet,49.0333,104.0833,7.79,78,66,3.49,MN,1675232384
563,forestville,38.8451,-76.875,36.09,93,100,6.91,US,1675232385
564,nago,26.5881,127.9761,73.83,60,16,11.77,JP,1675232385
565,eyrarbakki,63.863,-21.1481,24.85,90,80,4.09,IS,1675232386
566,port hardy,50.6996,-127.4199,37.58,93,100,18.41,CA,1675232387
567,ixtapa,20.7,-105.2,69.22,84,97,2.19,MX,1675232387
568,matara,5.9485,80.5353,84.94,63,84,6.42,LK,1675232388
569,nabire,-3.3667,135.4833,83.41,71,99,3.71,ID,1675232389
570,yermekeyevo,54.0761,53.6712,7.25,90,27,5.08,RU,1675232389
571,fredericksburg,38.3032,-77.4605,38.73,94,100,4.61,US,1675232390
572,porto walter,-8.2686,-72.7439,71.6,99,99,2.89,BR,1675232391
573,king city,36.2127,-121.126,44.89,61,0,0.83,US,1675232392
574,crateus,-5.1783,-40.6775,72.12,78,35,2.71,BR,1675232302
575,norden,53.6,7.2,43.14,82,100,1.99,DE,1675232393
576,tocopilla,-22.092,-70.1979,71.8,80,100,2.13,CL,1675232394
577,gamba,-2.65,10.0,75.76,89,97,5.23,GA,1675232394
578,tiszadob,48.0167,21.1667,36.61,76,41,10.69,HU,1675232395
579,kungurtug,50.5994,97.5228,10.6,83,22,1.34,RU,1675232396
580,ayan,56.45,138.1667,-5.22,63,94,13.65,RU,1675232396
581,svetlogorsk,52.6333,29.7333,25.25,97,88,7.99,BY,1675232397
